frame_index,pts_seconds,duration_seconds,key_frame
0,0.000000,,1
1,0.016667,,0
2,0.033333,,0
3,0.050000,,0
4,0.066667,,0
5,0.083333,,0
6,0.100000,,0
7,0.116667,,0
8,0.133333,,0
9,0.150000,,0
10,0.166667,,0
11,0.183333,,0
12,0.200000,,0
13,0.216667,,0
14,0.233333,,0
15,0.250000,,0
16,0.266667,,0
17,0.283333,,0
18,0.300000,,0
19,0.316667,,0
20,0.333333,,0
21,0.350000,,0
22,0.366667,,0
23,0.383333,,0
24,0.400000,,0
25,0.416667,,0
26,0.433333,,0
27,0.450000,,0
28,0.466667,,0
29,0.483333,,0
30,0.500000,,0
31,0.516667,,0
32,0.533333,,0
33,0.550000,,0
34,0.566667,,0
35,0.583333,,0
36,0.600000,,0
37,0.616667,,0
38,0.633333,,0
39,0.650000,,0
40,0.666667,,0
41,0.683333,,0
42,0.700000,,0
43,0.716667,,0
44,0.733333,,0
45,0.750000,,0
46,0.766667,,0
47,0.783333,,0
48,0.800000,,0
49,0.816667,,0
50,0.833333,,0
51,0.850000,,0
52,0.866667,,0
53,0.883333,,0
54,0.900000,,0
55,0.916667,,0
56,0.933333,,0
57,0.950000,,0
58,0.966667,,0
59,0.983333,,0
60,1.000000,,0
61,1.016667,,0
62,1.033333,,0
63,1.050000,,0
64,1.066667,,0
65,1.083333,,0
66,1.100000,,0
67,1.116667,,0
68,1.133333,,0
69,1.150000,,0
70,1.166667,,0
71,1.183333,,0
72,1.200000,,0
73,1.216667,,0
74,1.233333,,0
75,1.250000,,0
76,1.266667,,0
77,1.283333,,0
78,1.300000,,0
79,1.316667,,0
80,1.333333,,0
81,1.350000,,0
82,1.366667,,0
83,1.383333,,0
84,1.400000,,0
85,1.416667,,0
86,1.433333,,0
87,1.450000,,0
88,1.466667,,0
89,1.483333,,0
90,1.500000,,0
91,1.516667,,0
92,1.533333,,0
93,1.550000,,0
94,1.566667,,0
95,1.583333,,0
96,1.600000,,0
97,1.616667,,0
98,1.633333,,0
99,1.650000,,0
100,1.666667,,0
101,1.683333,,0
102,1.700000,,0
103,1.716667,,0
104,1.733333,,0
105,1.750000,,0
106,1.766667,,0
107,1.783333,,0
108,1.800000,,0
109,1.816667,,0
110,1.833333,,0
111,1.850000,,0
112,1.866667,,0
113,1.883333,,0
114,1.900000,,0
115,1.916667,,0
116,1.933333,,0
117,1.950000,,0
118,1.966667,,0
119,1.983333,,0
120,2.000000,,0
121,2.016667,,0
122,2.033333,,0
123,2.050000,,0
124,2.066667,,0
125,2.083333,,0
126,2.100000,,0
127,2.116667,,0
128,2.133333,,0
129,2.150000,,0
130,2.166667,,0
131,2.183333,,0
132,2.200000,,0
133,2.216667,,0
134,2.233333,,0
135,2.250000,,0
136,2.266667,,0
137,2.283333,,0
138,2.300000,,0
139,2.316667,,0
140,2.333333,,0
141,2.350000,,0
142,2.366667,,0
143,2.383333,,0
144,2.400000,,0
145,2.416667,,0
146,2.433333,,0
147,2.450000,,0
148,2.466667,,0
149,2.483333,,0
150,2.500000,,0
151,2.516667,,0
152,2.533333,,0
153,2.550000,,0
154,2.566667,,0
155,2.583333,,0
156,2.600000,,0
157,2.616667,,0
158,2.633333,,0
159,2.650000,,0
160,2.666667,,0
161,2.683333,,0
162,2.700000,,0
163,2.716667,,0
164,2.733333,,0
165,2.750000,,0
166,2.766667,,0
167,2.783333,,0
168,2.800000,,0
169,2.816667,,0
170,2.833333,,0
171,2.850000,,0
172,2.866667,,0
173,2.883333,,0
174,2.900000,,0
175,2.916667,,0
176,2.933333,,0
177,2.950000,,0
178,2.966667,,0
179,2.983333,,0
180,3.000000,,0
181,3.016667,,0
182,3.033333,,0
183,3.050000,,0
184,3.066667,,0
185,3.083333,,0
186,3.100000,,0
187,3.116667,,0
188,3.133333,,0
189,3.150000,,0
190,3.166667,,0
191,3.183333,,0
192,3.200000,,0
193,3.216667,,0
194,3.233333,,0
195,3.250000,,0
196,3.266667,,0
197,3.283333,,0
198,3.300000,,0
199,3.316667,,0
200,3.333333,,0
201,3.350000,,0
202,3.366667,,0
203,3.383333,,0
204,3.400000,,0
205,3.416667,,0
206,3.433333,,0
207,3.450000,,0
208,3.466667,,0
209,3.483333,,0
210,3.500000,,0
